"2","1","John Doe","High","ORDS Installation","How do I install Oracle ORDS on a Linux server?","To install Oracle ORDS on Linux, download the latest ORDS zip file, extract it, and run the setup script. Configure the database connection as prompted."
"4","2","Jane Smith","Medium","ORA-12514 Error","What is the meaning of ORA-12514 error?","ORA-12514 means that the listener does not currently know of the service requested in the connect descriptor. Check your tnsnames.ora and listener configuration."
"6","3","Ali Hassan","Low","REST Enable Table","How do I enable REST access to a table in ORDS?","Use SQL Developer or SQL scripts to enable ORDS RESTful services for a schema, then auto-enable specific tables in the ORDS administration panel."
"8","4","Emily Zhang","High","Port Conflict","ORDS fails to start with ‘port already in use’. What should I do?","Check whether another application is using the port (default is 8080). Change the ORDS port in the configuration file or stop the conflicting service."
"10","5","Susan Lee","Medium","ORA-01017 Error","How do I troubleshoot ‘ORA-01017: invalid username/password’?","Verify that you are using the correct username and password, and check for typos. Ensure database authentication methods are compatible with your connection."
"12","6","Robert King","Low","ORDS and APEX","Can ORDS be integrated with Oracle APEX applications?","Yes, ORDS is the preferred web listener and REST backend for Oracle APEX. It manages HTTP communication and REST API publishing."
"14","7","Luis Perez","High","404 Error","Why do I get a 404 error when accessing my ORDS REST endpoint?","A 404 typically means the resource path is incorrect or hasn’t been published. Ensure your RESTful service is enabled and the URL path is correct."
"16","8","Maria Garcia","Medium","ORDS Meaning","What does ORDS stand for?","ORDS stands for Oracle REST Data Services."
"18","9","Julien Bernard","Low","ORA-28001 Error","How do I resolve ORA-28001: the password has expired?","Reset the user’s password using ALTER USER ... IDENTIFIED BY ... or contact your DBA for password reset."
"20","10","Anna C.","High","Multiple Instances","Can I run multiple ORDS instances on one server?","Yes, but each instance must use a separate port and potentially a different configuration directory."
"22","11","Tom Brooks","Low","HTTPS Configuration","How do I configure ORDS for HTTPS?","Generate or obtain an SSL certificate, configure the certificate keystore in your ORDS config, and update the standalone.properties file to enable HTTPS."
"24","12","Nisha Kapoor","Medium","Default Port","What is the default port for Oracle ORDS?","By default, Oracle ORDS runs on port 8080 unless changed in the configuration."
"26","13","Gary Abbott","High","ORA-00942 Error","Getting ‘ORA-00942: table or view does not exist’ in my REST API. Why?","The specified table or view may not exist, or you may lack access privileges. Validate your schema and access rights."
"28","14","Rachel Wu","Low","Payload Formats","Does ORDS support JSON and XML payloads?","Yes, ORDS can handle both JSON and XML formats for input and output."
"30","15","Salim Ahmad","Medium","ORDS Upgrade","How do I upgrade ORDS safely?","Back up your ORDS configuration and database, download the new ORDS version, and follow upgrade documentation for your environment."
"32","16","Patricia Allen","High","Connection Refused","ORDS returns ‘Connection refused’ error when accessing database. Why?","This usually signals incorrect database connection details in ORDS config, or the database listener is down. Check connectivity and firewall settings."
"34","17","Victor Ivanov","Low","PL/SQL and REST","Can ORDS expose PL/SQL as REST endpoints?","Yes. ORDS can map HTTP methods to specific PL/SQL procedures or functions for RESTful access."
"36","18","Olivia Baker","Medium","Request Logging","How do I log requests in ORDS?","Enable request logging in ORDS by configuring the logging properties in the params file or via environment variables."
"38","19","Bob Chen","High","ORA-00001 Error","What does ORA-00001 mean?","ORA-00001 indicates a unique constraint violation, usually from trying to insert a duplicate key value."
"40","20","Janet Simmons","Low","Application Server","Does ORDS require a mid-tier application server?","No, ORDS can be run standalone or deployed in an application server like Tomcat or WebLogic."
"2","21","Mohammed Hanif","Medium","CORS","How do I enable CORS in ORDS?","Edit the ORDS configuration files and set the relevant CORS properties per Oracle's documentation."
"4","22","Laura Bell","Low","Endpoint Testing","What’s the quickest way to test an ORDS endpoint?","Use CURL or Postman to send sample HTTP requests (GET, POST, etc.) to your published ORDS endpoint."
"6","23","Anton Müller","Medium","PL/SQL Buffer Error","Getting ‘PL/SQL: numeric or value error: character string buffer too small’","Your PL/SQL code is likely assigning a large string to a smaller variable. Increase the variable size."
"8","24","Dave Lloyd","High","ORDS Docker","Is Oracle ORDS available as a Docker image?","Yes, Oracle provides a Docker image for ORDS that you can customize and deploy."
"10","25","Silvia Rossi","Low","JDBC Driver Error","‘Could not load class oracle.jdbc.OracleDriver’ – how do I fix this?","Make sure the Oracle JDBC driver jar is present in the ORDS classpath."
"12","26","Lisa Turner","Medium","Autonomous Database","Can ORDS access Oracle Autonomous Database?","Yes, ORDS is compatible with Oracle Autonomous Database, including provisioning on Oracle Cloud."
"14","27","Chris Murphy","High","IP Restriction","How can I restrict ORDS REST service access to specific IPs?","Configure network firewalls and use ORDS built-in security policies to whitelist or block IP addresses."
"16","28","Samuel T.","Low","ORA-00904 Error","What is ORA-00904?","ORA-00904 is an invalid identifier error—check column names and spelling in your SQL query."
"18","29","Heather Long","Medium","OpenAPI","Does ORDS support OpenAPI documentation?","Starting with ORDS 21.3, automatic OpenAPI documentation generation for enabled endpoints is included."
"20","30","Dmitry Petrov","High","Static Files","ORDS not serving static files—what’s wrong?","Ensure your static file mappings are configured correctly, and the files are in the accessible folder."
"22","31","Kiara Mitchell","Low","Password Expiration","How do I disable database password expiration?","Adjust the user’s profile in the database, setting PASSWORD_LIFE_TIME to UNLIMITED."
"24","32","Mirko Bauer","Medium","OAuth2","Can I use OAuth2 authentication with ORDS?","Yes, ORDS supports OAuth2 authentication and can be integrated with Oracle Identity Cloud Service or other providers."
"26","33","Carla Silva","High","HTTP 500 Error","ORDS returns HTTP 500 on request. How to debug?","Check the ORDS and database logs for stack traces and errors. HTTP 500 is a server error that could result from many issues."
"28","34","Simon Black","Medium","ORDS Rollback","How do I rollback to a previous version of ORDS?","Restore your backup of the configuration and ORDS files, or follow your organization’s rollback procedures."
"30","35","Hiroshi Tanaka","Low","Deployment Methods","ORDS deployment on Tomcat vs Standalone?","Tomcat deployment enables advanced options like clustering, while Standalone is faster to configure and run for simple use cases."
"32","36","Grace Johnson","High","Payload Limiting","How do I limit response payload size in ORDS?","Use pagination features and implement logic in your PL/SQL code or SQL queries to limit result set size."
"34","37","Sophie Laurent","Medium","ORA-06502 Error","Why does my POST request to ORDS fail with ORA-06502?","ORA-06502 indicates a numeric or value error. Check your payload data types and lengths in the PL/SQL procedure."
"36","38","Ben Torres","Low","Version Compatibility","ORDS and database version compatibility considerations?","Check Oracle’s documentation for the supported database versions with your ORDS release to avoid compatibility issues."
"38","39","Melanie Cruz","High","Startup Issues","ORDS stuck during startup after upgrade. What to check?","Look for misconfigured or deprecated parameters, missing files, or errors in the configuration or environment."
"40","40","Matteo Greco","Low","ORDS Uninstall","How do I uninstall ORDS?","Stop the ORDS service, delete the installation folder, and remove any database schema or user related to ORDS."
"2","41","Tina Ramli","Medium","Error Messages","Can I modify ORDS default error messages?","Yes, you can customize some error responses using ORDS’ error-handling features or custom PL/SQL logic."
"4","42","Larissa Becker","High","401 Error","ORDS returns 401 Unauthorized—what's missing?","Verify that credentials or tokens are valid, and that the authentication mechanism is correctly configured for your resource."
"6","43","David Njoroge","Medium","Scheduling","How do I schedule jobs in an Oracle database used by ORDS?","Use the Oracle DBMS_SCHEDULER package to define and manage jobs independently of ORDS."
"8","44","Kate Young","Low","Service Export","Can I export ORDS endpoint definitions?","Yes, you can export and import ORDS RESTful services definitions using SQL Developer or PL/SQL scripts."
"10","45","Yi Ming","Medium","Empty Response","ORDS endpoint returning empty response?","Check your SQL query or PL/SQL logic for the endpoint, and confirm that data exists for your criteria."
"12","46","Gustavo Gonzalez","High","APEX Integration","ORDS version upgrade required for new APEX features?","Always check APEX and ORDS compatibility—the latest APEX features may require a recent ORDS version."
"14","47","Paul Wilson","Low","SYSDBA Privilege","Do I need sysdba privileges to install ORDS?","Not necessarily; you need privileges to create schema objects, but sysdba is not always required."
"16","48","Monica Flores","Medium","Clustering","Can ORDS be clustered for high availability?","Yes, you can deploy ORDS on a cluster of application servers behind a load balancer for HA."
"18","49","Jacob Carter","High","Internal Server Error","ORDS endpoint returns ‘500 Internal Server Error’ for some users only: causes?","Some users might lack schema privileges needed by the endpoint; verify database roles and grants."
"20","50","Alina Popescu","Medium","ORDS Monitoring","Is there a simple way to monitor ORDS health?","You can monitor ORDS using built-in endpoints like /ords/_/health/ and integrate with external monitoring tools."